,ID,Group,Feature_1,Feature_2,Feature_3
0,ID101,B,2932.67194265517,413.5455848197132,5003.631701220419
1,ID102,A,2760.145817569425,393.65484397841254,5499.932422439435
2,ID103,A,2392.7655976587457,378.0596942641029,5499.94038324218
3,ID104,B,2725.989116131011,398.3276233859957,5012.666308843402
4,ID105,B,2652.696727630027,401.2118775162152,5010.9722910549735
5,ID106,A,2535.0470088753923,390.39500694584035,5500.783649903039
6,ID107,A,2107.696010407088,395.1568794039602,5487.889167570318
7,ID108,B,2391.3706980425964,395.14932523306703,4984.600409160941
8,ID109,A,2622.1445208508935,408.5299352344204,5518.074464015041
9,ID110,B,2173.1532284615505,397.6560000201849,4980.802616311645
10,ID111,A,2451.7078943358574,377.0687022478104,5509.376639038677
11,ID112,C,2375.0197409950524,372.9406705098278,-2113.446957711462
12,ID113,B,2619.580463889811,362.8371773672986,4997.354820001441
13,ID114,C,2092.433611515108,393.4270487772088,-2092.769773453852
14,ID115,A,3117.8311591114284,385.71463974071435,5491.441148801558
15,ID116,C,2172.3959507637032,407.9153898891596,-2091.1990281374347
16,ID117,B,2285.091174381173,414.8033693143453,4994.996975151274
17,ID118,C,2400.309962015097,398.9403820993361,-2100.2358409060735
18,ID119,A,2458.3312209970845,408.47404119346936,5487.3158143193605
19,ID120,A,2124.4116846866464,415.28115867897657,5489.412617927533
20,ID121,C,2390.8078872671827,408.64086881037593,-2093.2930269650574
21,ID122,A,2531.965911758052,400.24224709161103,5510.669154321635
22,ID123,B,2670.6135501088925,433.27906014701017,5013.026919386049
23,ID124,C,2386.295751767147,403.8136514033898,-2103.049041513429
24,ID125,C,2727.969445920619,385.3568050057926,-2107.885119097762
25,ID126,A,2616.549645215414,401.95979468991516,5499.000998430431
26,ID127,B,2145.1742546432515,393.10596376498097,5018.55379124938
27,ID128,B,2003.2079318054234,410.2509760057991,4991.185346217362
28,ID129,C,2627.953489603313,382.59972263019444,-2089.3855873092016
29,ID130,A,2486.735397419725,418.7913933048875,5497.694522919887
30,ID131,C,2814.0885059835655,380.5197985536231,-2095.1289178736497
31,ID132,B,2745.1388231673973,409.50235782533235,5018.911496850478
32,ID133,B,2183.1656038851456,424.6035657065521,4993.474175258471
33,ID134,B,2567.438443303914,412.61359548867466,5005.9248939162035
34,ID135,B,2723.024449163661,405.48670311360706,5004.949477298325
35,ID136,C,1930.04231587805,408.429217510949,-2098.3530507603205
36,ID137,B,2274.4894694045347,407.7267495447316,4988.814577922815
37,ID138,B,3159.800532734215,389.33528756687963,4996.922103037397
38,ID139,A,2323.8753467571423,423.27897704593136,5495.5276759088165
39,ID140,A,2718.8837281243595,390.44468395941743,5501.945797832711
40,ID141,B,2895.1093203761216,401.8234644893307,4989.148690767123
41,ID142,A,2400.1477431410335,416.33639286260956,5475.61479671241
42,ID143,A,2019.2020082840136,397.6211528447479,5521.186306805272
43,ID144,B,2591.643164746889,421.3090835480318,5002.354756216363
44,ID145,C,2694.4839363662154,401.8830370012912,-2080.8224393870346
45,ID146,B,2079.7777982482517,404.47418911764083,5000.982836141517
46,ID147,A,2552.249512171951,391.1441422826331,5508.439654564714
47,ID148,C,1987.6047484927958,423.8169316184224,-2081.2999716824074
48,ID149,C,2379.997834112888,408.56126210622864,-2109.948774154761
49,ID150,B,2469.0249869791382,384.30337415956933,4987.220621195263
50,ID151,B,2447.7945168628644,416.0040914362168,5001.841621612163
51,ID152,B,2858.5217948895292,399.05650731748864,5006.854047683836
52,ID153,A,2385.7229295864113,404.2354501051686,5485.107525892684
53,ID154,A,2378.7005005260976,417.4534500181147,5504.505259222331
54,ID155,B,1981.2754345010553,403.1678877042519,4998.743949454131
55,ID156,A,2594.2339129932307,391.08357778018916,5524.012746143339
56,ID157,C,3022.54757439056,420.4755927377305,-2076.8724271013098
57,ID158,A,2484.9636456220474,413.17096572204304,5505.652335915817
58,ID159,A,2883.7615107949036,422.56228844972406,5498.462099006797
59,ID160,B,2823.166604647053,378.0101755182044,4980.774170480605
60,ID161,B,2653.241196499343,417.16019824610095,5003.010068757867
61,ID162,C,2226.1810699264147,393.31297964292054,-2102.946819675125
62,ID163,A,2999.4627750299696,389.45313621807895,5479.961703122246
63,ID164,A,2828.1305675889967,369.67100327825494,5475.276341760732
64,ID165,B,2268.7624272385656,370.1333773929944,4983.051769504762
65,ID166,C,2509.5037885072707,409.88553005473153,-2092.744351743319
66,ID167,C,1993.899104112638,405.86359926726345,-2087.4236512779044
67,ID168,B,1632.087239443127,422.15211043075385,5001.418129640152
68,ID169,A,2253.735065008089,415.24605789801575,5533.924895745779
69,ID170,C,2572.7167537831338,406.9146878343333,-2095.1384088679583
70,ID171,B,2890.672229371028,411.3383738721436,5007.229554926536
71,ID172,C,2322.2768963021263,404.35659016449927,-2085.5969888208474
72,ID173,B,2700.7730484278736,391.6314439247473,4994.007749238508
73,ID174,A,2457.1319307255703,395.8981516049676,5502.43824715684
74,ID175,B,1762.042448993701,418.4921311297378,4996.563052255043
75,ID176,B,2949.983185768142,402.25255008020315,5009.731096547542
76,ID177,C,2145.495949981955,385.7225563788121,-2105.424329461417
77,ID178,A,2110.8356819932756,405.4453546108987,5518.532328021692
78,ID179,A,2479.3160515263094,416.13928704114176,5502.765316857005
79,ID180,C,2317.86767825522,390.00586313712336,-2103.5073903801276
80,ID181,C,2636.177234968439,367.91487402493243,-2098.4652299818067
81,ID182,B,2438.488364171066,383.8276359433263,5019.515530498608
82,ID183,A,2460.9726556240776,389.67603946630516,5510.8742092728835
83,ID184,C,2373.0206833623383,399.71585021078374,-2094.2589816340283
84,ID185,C,2834.201643003452,408.34566184729255,-2130.172227137059
85,ID186,C,2313.963772045185,393.65156404059053,-2100.5957207857346
86,ID187,A,2432.4044717224374,423.06853448606233,5487.556323601604
87,ID188,A,2992.823498775421,418.48333327131957,5503.908585068003
88,ID189,B,2377.198067192969,434.9334457249877,4991.001876028419
89,ID190,B,3018.7205406629,418.16274420597483,4999.3469392981
90,ID191,B,2095.640975733257,399.2235048667481,4984.706183087945
91,ID192,A,2603.5485557488487,373.41194191609003,5491.71157217637
92,ID193,A,2723.661808787365,399.6879447853939,5501.236299908373
93,ID194,B,2641.9959197513167,395.89311867786984,4998.971539742579
94,ID195,B,3091.179670953905,419.4185794068669,4987.2869337410875
95,ID196,C,2880.7514396015763,401.93610234661725,-2108.673461919393
96,ID197,A,2902.686900679911,396.5950506196844,5483.301273749173
97,ID198,B,2642.31729039538,388.00340046987924,5003.146033980696
98,ID199,C,2659.3156081906827,386.3246311330908,-2104.4464177142054
99,ID200,C,2570.776574773829,387.9815129378964,-2113.050759511932
100,ID201,A,2516.7476222800133,398.9382967367116,5500.033890194001
101,ID202,B,2270.757201775501,406.55929482129915,5005.389498979181
102,ID203,B,1958.071240449306,384.5465956852922,5003.026656309392
103,ID204,A,2902.0211112681304,378.71792772410146,5531.090838705586
104,ID205,A,2394.4773112694156,413.7650963269395,5510.4697718655225
105,ID206,A,2002.9546491081903,430.70300091657725,5484.690922715716
106,ID207,C,2856.152935970845,407.92913872238955,-2071.712221628924
107,ID208,A,2548.9988518434484,386.34968778659817,5503.7349090824355
108,ID209,B,2325.158748522348,395.74661255162147,5005.8796273616545
109,ID210,A,2731.276748727783,404.36715428146084,5482.857525682021
110,ID211,B,2875.603532897684,407.08588674433867,4989.669329815967
111,ID212,A,2198.272547324635,401.90778986379223,5495.6908552279465
112,ID213,A,2152.2115818501975,406.57150118565323,5512.667153834679
113,ID214,C,2678.1098542411414,386.2519133393013,-2110.1389544314757
114,ID215,A,2249.771765321596,414.38294690279633,5486.685449523401
115,ID216,B,2448.29559468942,394.27535423348456,4992.287083261517
116,ID217,C,2243.240810400175,408.5542740643481,-2105.7417333167427
117,ID218,A,2273.9630021406847,392.0225347108032,5514.933254628111
118,ID219,B,2530.900607805347,396.8671287947701,5007.07514266109
119,ID220,B,2881.9529640520122,409.9567281122758,5016.027887483883
120,ID221,A,2126.3675167752126,390.8076763311421,5489.892418924756
121,ID222,C,2411.3592590438416,400.3095881658162,-2100.1969447598326
122,ID223,A,2734.8393875721554,409.4799202306957,5487.632053416538
123,ID224,A,2984.219487397214,398.66304525107404,5509.475249379758
124,ID225,A,2433.415777866221,435.8745898500828,5511.752671437354
125,ID226,A,2465.8969907555074,423.8254641896673,5489.655795658857
126,ID227,B,2215.031456660648,365.89852087990266,5008.958409484146
127,ID228,C,2911.729061912634,405.9321719910558,-2116.383683545329
128,ID229,A,2564.3426958803843,417.4104170907561,5499.915185228019
129,ID230,B,3032.489618532223,401.64746128332433,4987.597622811152
130,ID231,A,2422.0107324199275,421.7520514182898,5497.392139283106
131,ID232,C,2279.9301895294384,409.2704322921881,-2095.5466722611527
132,ID233,B,2336.0924406291315,389.4835345422351,5012.7991931881215
133,ID234,C,2331.2197302256945,411.9214662135409,-2086.1281980516055
134,ID235,A,2592.270707112515,411.54703542503995,5498.171287388954
135,ID236,A,2231.13495405555,401.11158592270743,5507.557785323983
136,ID237,C,2270.989472237131,375.8462870511802,-2111.135274813655
137,ID238,C,2480.9642789774216,401.7845550811549,-2110.2267441182844
138,ID239,C,2995.7163467482546,376.7774316356679,-2087.147207890791
139,ID240,A,2971.8987280931783,385.97919891868446,5492.984362538864
140,ID241,B,2114.448298617049,416.41781245682836,4984.281462164914
141,ID242,C,2257.7492086416833,399.443262528779,-2080.0948558347973
142,ID243,C,2684.44042594494,415.17611488229875,-2093.1128902557107
143,ID244,C,2414.967116932565,386.7097573150431,-2113.501665989271
144,ID245,C,2984.056161552889,400.0723815964211,-2099.13570610301
145,ID246,A,2277.1394237790464,402.62814021631135,5491.879279101886
146,ID247,C,1911.2575783693062,372.59273365133254,-2088.210223306915
147,ID248,B,3096.738231435202,381.85819472792645,4980.110148540563
148,ID249,B,2215.308788833562,380.30348943748436,5009.815496951878
149,ID250,C,2473.44446642065,429.43813034528915,-2096.8131373979386
150,ID251,A,2451.8498270083746,394.70436514769614,5503.170435388178
151,ID252,C,2679.1274726778347,434.2321302109109,-2090.4602801855503
152,ID253,A,3118.4476322160135,378.93933456445524,5510.450523425018
153,ID254,C,2435.3747758092845,393.1861103184908,-2096.015876357837
154,ID255,B,2688.0341521496616,410.10090770160815,5003.5033836931225
155,ID256,B,2528.2257501387066,423.3995667666753,5015.936255848918
156,ID257,B,2631.6855310409273,376.5898182133428,4997.19006052079
157,ID258,C,2730.9675649105884,422.0326082169808,-2081.660901310309
158,ID259,B,2629.532231994025,391.29528872126974,5012.374865222144
159,ID260,B,2152.779906636634,379.4807018666179,4988.049545361106
160,ID261,A,2289.866667659602,399.7456365660663,5488.008071202817
161,ID262,C,2527.895982710894,407.3004648660672,-2103.52827680344
162,ID263,A,2831.7706276343392,421.46424483041045,5509.496326609579
163,ID264,B,2443.887877616983,369.6789370164496,5012.559615640776
164,ID265,A,3067.6144499325924,393.5105314931393,5491.970104406378
165,ID266,B,2037.6053747800238,407.88884172463236,4999.018732908722
166,ID267,B,2596.6463578245052,371.49616353304174,5002.772459794419
167,ID268,A,2803.2423215249596,399.38536615502886,5506.776779980571
168,ID269,B,2873.708948639451,412.4346017199068,4999.741974082395
169,ID270,B,2536.0088836503005,409.30106990340715,4982.108043350417
170,ID271,B,2251.7556903105797,368.30948658552165,4994.540363802089
171,ID272,C,2851.9774350629323,396.2589891220612,-2097.4756651579296
172,ID273,B,2723.1993255147077,388.0604532005038,5002.2743828628845
173,ID274,A,2131.277891990012,400.4732381418195,5505.239396692956
174,ID275,A,2302.1859716495824,420.3218422684268,5501.04667961913
175,ID276,C,2549.8197626302363,386.24207408502605,-2098.999990505097
176,ID277,B,2719.5568819391765,401.052124777431,5005.219183021748
177,ID278,A,1815.6892301602106,379.4005424196537,5518.190076405958
178,ID279,A,2595.2958495266057,397.58953630124535,5475.968732839082
179,ID280,B,2065.5336085544113,375.17362014267997,5011.650683512478
180,ID281,C,2623.133301236249,380.8749619790059,-2092.227717259969
181,ID282,B,2284.271301892099,398.44633949380534,4997.416330043966
182,ID283,B,2271.1123389361414,385.7376326716444,5031.188806907976
183,ID284,A,2366.074127268697,406.6749620114142,5526.427362674328
184,ID285,B,2220.799448896349,389.63079231176846,4961.434054373502
185,ID286,A,2618.7546357309525,404.72982407518873,5487.5127786408175
186,ID287,B,2568.097519944111,402.9170573136662,4997.829714711738
187,ID288,A,2471.694914139996,404.73586735473003,5505.33209580046
188,ID289,B,2223.532916100916,379.5465139188055,5000.450687641821
189,ID290,B,2517.327289918187,417.10517430617745,4996.148391780481
190,ID291,B,2420.998635673431,439.3805129765255,4992.132804873377
191,ID292,B,2170.8837487517994,387.74491169854724,5011.2799872026435
192,ID293,A,1958.9262562752367,415.6365695143744,5495.255935309755
193,ID294,C,2561.7429404305244,414.2834016105074,-2110.9664829314406
194,ID295,B,2408.908111203288,408.2904589040409,5000.397438444603
195,ID296,A,1996.5357659371714,401.3270344254134,5501.453846544958
196,ID297,A,2952.029897739481,380.25734611705496,5508.54264510911
197,ID298,C,2295.572411189288,417.9277130444246,-2106.252863909536
198,ID299,B,2672.386697990875,416.1028165507969,4997.441065607867
199,ID300,A,2045.2727426293193,406.39209202044765,5507.907436591457
200,ID301,C,2436.047615934733,380.44403404296645,-2083.9492559636
201,ID302,C,2340.310312046313,377.5843392570655,-2114.6203274332775
202,ID303,C,2602.6260201362206,396.03192741032285,-2107.9891404096334
203,ID304,A,2024.0623810388506,408.13587144943074,5511.646823964794
204,ID305,B,2197.801674352093,409.38736298206817,5009.219609067506
205,ID306,B,3303.292926342174,411.0196168022376,4991.091575687121
206,ID307,B,2715.4905816935343,378.7514172094094,4995.942095759864
207,ID308,B,2475.196741823453,412.40608397523874,4994.703135184361
208,ID309,C,2345.896660018106,394.9550243527564,-2109.2626229022762
209,ID310,A,2462.614973667345,407.4224734493858,5461.851436356365
210,ID311,A,2368.369599263595,384.2078798019548,5496.829290706242
211,ID312,C,2023.2418896509953,399.71979810198457,-2082.3485335262417
212,ID313,A,2610.6250034904174,392.48217056509765,5499.111206390122
213,ID314,B,1952.2256866267242,382.7330691481777,4984.442720470166
214,ID315,A,2593.607205540892,366.1785540306299,5497.868818118752
215,ID316,C,2559.974980786685,409.9722789533807,-2102.1350151061397
216,ID317,A,2606.3325987959684,405.7534643267791,5484.671726353573
217,ID318,C,2945.3299754158325,395.5555241689448,-2104.9904500005796
218,ID319,C,2416.7970996027084,383.2553810159023,-2117.3852572158703
219,ID320,A,2132.238615030325,425.89856429394064,5503.272100928559
220,ID321,B,3285.4097399398324,411.9278957520917,4980.095600697846
221,ID322,A,1852.810264811795,383.3224351261307,5483.585651432884
222,ID323,A,2128.1351234557364,394.31429702649535,5497.252887847556
223,ID324,A,2541.415697032524,402.7276848326896,5484.9258841502415
224,ID325,B,2117.278340308314,440.3345718254165,4979.327558651112
225,ID326,C,2700.3228581031117,387.19571787182775,-2086.341170778423
226,ID327,B,2394.204705284449,379.38157653301596,5007.876917643354
227,ID328,A,2174.0285375069557,389.5404171733423,5503.66789261901
228,ID329,A,2119.4321970985557,395.82580867329534,5524.517011320086
229,ID330,A,2503.0237779252234,376.5673421863729,5515.441814433466
230,ID331,B,2900.286595204285,397.3955194294609,5005.103607054364
231,ID332,C,2573.414719923809,385.27890056741063,-2097.601838482323
232,ID333,A,2609.7445899308937,401.35162351257327,5500.437316849747
233,ID334,A,2355.0612957947833,390.17068862153195,5494.296969946029
234,ID335,C,2882.4953408319375,388.37337238614106,-2101.9528008380425
235,ID336,C,2181.5244159486087,405.08626935126006,-2107.5517684460933
236,ID337,C,2800.576182649927,400.41250882175717,-2080.56762074765
237,ID338,C,2648.61388811009,393.57369533537366,-2104.809002057452
238,ID339,B,2556.031564061578,378.21124076280364,4982.059237373459
239,ID340,C,2852.7023326378207,387.6375585971281,-2113.175950244691
240,ID341,A,2494.9467371423566,377.0139950446658,5494.035451665315
241,ID342,C,3117.6765503212496,376.65286814019873,-2110.9792383000163
242,ID343,A,2084.7223939056894,384.9234729352855,5487.0032218340475
243,ID344,A,2511.3746340095945,401.1242606874336,5482.38767068302
244,ID345,A,2582.7993837269682,397.23708118617543,5479.704733934376
245,ID346,A,2595.29775039172,397.29383207432323,5496.123405219092
246,ID347,B,2432.7399625405174,381.5665628979472,4990.169729719847
247,ID348,C,2533.842721866264,374.34998322511825,-2092.9100421449466
248,ID349,C,3235.086719731324,395.0818828487724,-2122.94991027482
249,ID350,B,1953.2771471990295,389.63596032744414,5002.578649049738
250,ID351,B,2736.6871040417636,377.9541262275379,4992.222961568124
251,ID352,A,2534.387080519441,372.1807437993587,5493.54048222373
252,ID353,C,2340.1654289221547,402.75996651111984,-2090.0819942525727
253,ID354,C,2555.260294157005,418.2014029542941,-2105.773092617083
254,ID355,C,2475.300313963143,401.6770523477049,-2127.107988290811
255,ID356,A,1918.5425002072025,401.6518144806559,5486.606568881414
256,ID357,C,1986.8459167736776,395.72260965528255,-2104.2316753219084
257,ID358,C,2250.7890371971966,386.9983051115777,-2106.2229648631715
258,ID359,B,2280.7170715510797,398.83407561523484,5010.193525011603
259,ID360,A,2494.123992479857,373.50406776266414,5496.1813408924745
260,ID361,A,2377.149612700454,409.84483703115524,5515.52950427643
261,ID362,A,2577.63362791146,395.25096375823495,5497.074967532304
262,ID363,A,2751.4255253299266,405.75400546707056,5514.350124497413
263,ID364,C,2552.4018792019924,400.3207094628596,-2095.436073862481
264,ID365,B,2912.0320709788803,406.3380639665673,4982.919296300624
265,ID366,B,2858.823326811819,405.5791897062048,5010.113583456776
266,ID367,A,2580.430077010849,425.95407679224957,5507.904250487592
267,ID368,C,2965.712244900349,410.9528491288898,-2106.3730716587015
268,ID369,C,2236.758995782868,408.696711536736,-2090.700200259394
269,ID370,B,2499.8793079652414,403.49513475418354,4997.160319480515
270,ID371,C,2591.9096104579567,381.76479387334314,-2090.588031082099
271,ID372,B,2176.253430670787,393.0786155180968,5002.33381213382
272,ID373,C,2963.4468328681946,401.6204279886224,-2094.2535651088806
273,ID374,B,2328.206464475985,397.3286899221189,4988.481582690688
274,ID375,C,2699.413302122623,407.46627483585814,-2114.8497166613392
275,ID376,A,2564.6825757792785,401.02860887382656,5503.485942186516
276,ID377,A,2165.709817585439,386.98925736121777,5499.6489901749355
277,ID378,C,2714.3879191542374,429.84506639213015,-2107.484789764196
278,ID379,C,2646.3171028327156,428.88859237316944,-2107.0207139280606
279,ID380,A,1654.7679175780518,417.12414520669796,5501.29408064795
280,ID381,B,2823.7638496528775,401.6144542969422,5003.243413482057
281,ID382,C,2655.321540645085,399.9785718262897,-2101.10807161784
282,ID383,A,2292.1043404189177,400.2330627462336,5510.67895499958
283,ID384,C,2411.6399827517757,411.22491387633175,-2105.5108576005646
284,ID385,A,2819.067490875794,385.0795882418764,5501.2857877337665
285,ID386,B,2642.3442212355344,413.89979748437014,4976.388548072222
286,ID387,A,2140.9742928451446,431.12289568476865,5505.601023175607
287,ID388,A,2316.727776779788,411.72491379353613,5498.22694521943
288,ID389,C,2041.4601557973187,435.2946573620857,-2114.285609999155
289,ID390,A,2459.357642981113,419.2545027326884,5510.959782540268
290,ID391,C,2907.691682102343,391.0601508597595,-2106.745660225622
291,ID392,B,2273.743185405045,439.3060731898529,5003.92571331591
292,ID393,C,2268.8404962037785,388.1163540671945,-2096.3097705221744
293,ID394,A,2478.831943194232,410.62110519703253,5506.65661249214
294,ID395,A,2820.4685238018133,381.62920511139015,5501.01574867801
295,ID396,A,2020.0138372829308,382.9281222907079,5488.689696342389
296,ID397,A,2717.380921531352,394.5372914079297,5492.835529227118
297,ID398,C,2618.9887744235875,394.6540849302626,-2093.273897000933
298,ID399,C,2676.0784253053394,391.4236011455056,-2087.336269465703
299,ID400,A,2620.7451209835954,393.221879049829,5492.99509083449
300,ID401,C,2433.891477478453,400.7855866523662,-2107.2569029055885
301,ID402,B,2760.155293186413,416.0335865870125,5017.915046953941
302,ID403,B,1886.7661097814018,382.9524579378693,5007.380145662505
303,ID404,B,2164.797751074223,387.98607893361265,5005.792286764236
304,ID405,A,2341.482719980239,432.1967806497035,5491.67632278388
305,ID406,B,2376.3077578913503,404.42604859657655,4996.564263610875
306,ID407,C,2671.900758909101,403.9046769906917,-2107.067815908976
307,ID408,B,2294.204873048183,405.7062333886283,4990.474606941
308,ID409,C,2335.811703152036,378.32840122868214,-2110.3982404747985
309,ID410,C,2180.6188159907633,381.0621844343224,-2105.325965534169
310,ID411,B,2973.6122768862574,395.59572169592855,5008.586347801875
311,ID412,A,2770.98535248847,399.3401259156008,5514.772167744987
312,ID413,B,2058.7533762412345,400.93877929974445,4997.789359181958
313,ID414,C,2285.8798558500475,377.13446678365557,-2103.9232386173358
314,ID415,C,2458.378516090989,391.20902019411966,-2092.088312489648
315,ID416,A,2594.5559566398824,408.0467148960909,5506.438089818371
316,ID417,A,2013.2063560955296,421.075534861329,5495.526197446069
317,ID418,A,3045.410848014029,403.2389952197813,5506.237949265915
318,ID419,C,2215.7384588922896,385.3156718467371,-2084.087237014772
319,ID420,A,1960.4655875906294,392.1022507181685,5479.03513956922
320,ID421,B,2663.6323537062467,426.5006590309236,5001.601705543853
321,ID422,A,2617.726650864628,405.35444399534964,5492.682964430667
322,ID423,C,1941.5924494024753,412.70293869940207,-2082.337973638359
323,ID424,C,2542.1548195213586,384.6707329547702,-2093.0691288456055
324,ID425,A,2755.331230264731,384.4509254415404,5499.348632852605
325,ID426,B,2767.5816044723274,383.08818104265896,4995.964836506393
326,ID427,B,2732.328566636385,384.7643720564416,4990.471816284194
327,ID428,C,2370.413067020615,426.9363644769552,-2114.959478337661
328,ID429,B,2836.7830416405336,392.40183482277877,5022.155253812901
329,ID430,C,2318.8079120137477,415.33559689617863,-2119.0069603784955
330,ID431,A,1995.4001461519929,400.9821567709591,5503.300775337988
331,ID432,B,2445.9326456969347,394.27316898809346,5006.613003390032
332,ID433,B,2305.0560675400916,418.2707555904393,5002.293953353068
333,ID434,A,2053.6667105603956,420.7374510024867,5501.927929886905
334,ID435,B,2242.52087646799,391.48144068268,5012.076978836612
335,ID436,B,2840.080397662797,398.7594859490714,5015.415369631898
336,ID437,C,2850.4158410181553,403.9175504535851,-2116.3073743107725
337,ID438,C,2495.6170244539658,428.6785272322767,-2111.915977799676
338,ID439,A,2440.717521018608,419.6309901075363,5502.931407001802
339,ID440,C,2413.551035709958,379.21560871248806,-2102.7152288364
340,ID441,A,2214.836447614132,407.9923370161313,5510.760099018527
341,ID442,C,2387.1738371205674,402.64396229297256,-2100.4580910649147
342,ID443,A,2331.6402123411167,394.7492847721261,5490.005923623101
343,ID444,C,2875.9817683938004,404.87728812913576,-2093.027923305284
344,ID445,C,2534.4473870857014,401.20382072610585,-2084.625363467309
345,ID446,A,2432.628280265824,385.0448594259514,5492.971891598405
346,ID447,C,2451.1621826587275,411.01775782225303,-2100.9377116113737
347,ID448,A,1844.7144980073442,410.9959711697361,5498.892210336961
348,ID449,C,2612.814829806061,404.4221083102557,-2087.216807560703
349,ID450,A,3045.113473213297,395.63793681937705,5488.01780539336
350,ID451,B,2748.8562773078634,415.0331892941604,5007.2146172918665
351,ID452,C,2253.715116592041,405.4325002267668,-2095.952270504271
352,ID453,B,2698.075054404677,428.89399941114976,5000.9941969721085
353,ID454,A,2467.3134216016197,403.02346644357124,5489.001837322964
354,ID455,C,2248.430278804862,398.9597819892441,-2096.051376924338
355,ID456,C,2487.128799557402,394.2802020849153,-2106.7643648155085
356,ID457,C,2161.7221636518325,411.1992101415589,-2112.743079088531
357,ID458,A,2424.3469200324403,400.533405598182,5510.154719431096
358,ID459,B,3082.488997938398,405.4768729286746,5015.522233449941
359,ID460,C,2701.817358796677,388.3405096502086,-2098.8884852268015
360,ID461,B,2456.629797181196,395.2024304898434,4992.749876853873
361,ID462,B,2619.547860904965,375.6843396681347,5017.898329122346
362,ID463,B,2821.4302119149456,389.47374230931524,4996.467248383925
363,ID464,B,2507.206666850015,421.14784859193463,5005.979559686392
364,ID465,A,2726.8661472287977,414.8347859781743,5477.821408175859
365,ID466,B,2118.980405204017,425.9896148779438,4991.159420116302
366,ID467,C,2365.294300843227,412.31574384038635,-2102.25219558033
367,ID468,B,2193.5054258096143,377.3736784083747,5003.350075587773
368,ID469,A,2887.495863897995,388.1477149709984,5517.47887847177
369,ID470,A,2696.156931561219,400.6784974898333,5504.962997073612
370,ID471,C,2441.3767307399503,394.85872516921205,-2088.0378054146145
371,ID472,C,2897.5985289580194,404.87131738707285,-2107.973299316175
372,ID473,B,2258.567080844851,380.5104284429377,5012.638373477177
373,ID474,A,2650.9369295596434,403.72773201968494,5497.681441026686
374,ID475,A,2785.9568293463417,401.82801754021455,5496.148419673063
375,ID476,A,2590.368208753454,403.61268374186557,5504.362611261772
376,ID477,C,2445.4446991655745,395.61069835216085,-2129.566896477503
377,ID478,C,2796.4038888480104,396.7037058154972,-2089.244855314718
378,ID479,A,2716.7148887428557,379.9160629674687,5490.0192178602865
379,ID480,B,2359.2156808677146,387.57929821265316,5024.9031355614525
380,ID481,B,2404.9503934211057,399.93199696948864,4994.7389415829275
381,ID482,B,2443.4626873550674,413.51499951865515,4974.183275024724
382,ID483,C,2722.2139164788728,398.60454790595213,-2097.0450126882706
383,ID484,B,1652.3348858081379,399.4594804087437,5015.238883016642
384,ID485,B,2478.2895134752284,383.2149214143361,4990.696537114379
385,ID486,A,2282.3060639175633,380.8337714293901,5510.432400828247
386,ID487,B,2527.305434366367,396.8065971991481,4985.9941921898
387,ID488,C,1943.1590908922237,376.6318635489574,-2104.9196610612953
388,ID489,A,2635.9010326539506,387.97885131410254,5497.3805883245805
389,ID490,A,2472.498585856313,420.1082772683732,5486.56483518948
390,ID491,A,2110.4636390803103,403.1318135738065,5497.8391086045895
391,ID492,C,2532.0020300385163,412.5074083749821,-2097.840528845169
392,ID493,B,2074.4669843407246,380.60708163639316,4964.96209811404
393,ID494,B,2107.8339385877525,396.67533014364255,4984.510607243203
394,ID495,B,2649.1090893433147,394.41946111994594,5010.730852643682
395,ID496,A,2468.215195773736,404.38997859172275,5498.734163553659
396,ID497,A,2708.5263062094555,426.67819093078157,5496.404669891584
397,ID498,A,2455.7542870133266,387.4513346067915,5503.719835542937
398,ID499,C,2648.3581057170704,418.28782948368126,-2076.0110262042595
399,ID500,B,2803.7411534756952,408.4597406101994,5002.621747953147
400,ID501,C,2510.876810822335,390.83218260629394,-2119.3959728117015
401,ID502,C,1986.808204630515,395.6317137574956,-2108.80495587178
402,ID503,A,2794.7801257252395,415.4107493068184,5476.830770616012
403,ID504,B,2977.1962918299696,403.84062233686757,5008.076718657726
404,ID505,A,2406.2175431248497,412.11975800330333,5508.795127209242
405,ID506,B,2499.375842235999,404.9732017673656,5014.926423482208
406,ID507,C,1983.7795007395146,385.1012805633502,-2107.2003502482703
407,ID508,C,2435.6062573621357,402.8492284962514,-2111.4904870356677
408,ID509,A,2623.0956419398353,377.16222869361644,5516.53304506697
409,ID510,C,3063.0064050717515,417.4803288420767,-2098.5860278976265
410,ID511,C,2610.275109025994,417.20303803394853,-2101.838089284611
411,ID512,C,2919.230188398242,414.1270502299499,-2105.2916778066187
412,ID513,C,2755.4579591792835,387.259460084084,-2108.5441384447868
413,ID514,A,2651.194154525181,376.00263854575485,5491.3964093326
414,ID515,B,2689.3226902618003,394.69952063428497,5021.27401865906
415,ID516,C,2512.3517329495276,375.0768624800224,-2106.454864697604
416,ID517,A,2828.880921213281,387.2806176047467,5490.643068508935
417,ID518,A,2253.8860716952686,401.2342235490054,5498.776439770626
418,ID519,B,2251.70945682958,399.7602600033367,4997.138171628927
419,ID520,B,2510.8305315393827,389.63808167077417,4990.045237653072
420,ID521,B,2776.1007547937215,376.6871843116599,5030.669939114878
421,ID522,A,2058.4975547604618,402.51601468513064,5494.894197432654
422,ID523,C,2321.362227098417,420.5085468815888,-2107.345144574422
423,ID524,C,2561.4624909920094,381.47458990420273,-2095.728058421096
424,ID525,C,2318.6729014926705,401.6088563230667,-2102.8213825283665
425,ID526,A,2457.648873418434,394.7238809644225,5487.072956807122
426,ID527,C,2093.5036653609295,402.1278508233822,-2100.6581512981106
427,ID528,A,2514.9398443708683,399.48122246465,5519.931118947956
428,ID529,A,2340.443825606463,392.92104178024533,5500.7621995353975
429,ID530,C,2960.7911630897383,401.97111820772903,-2094.1634983774406
430,ID531,B,2823.2170531238035,422.11512059548727,5014.283616196086
431,ID532,C,2088.703187022496,418.1739751163274,-2107.562272112473
432,ID533,C,2893.629364607203,411.86709616160397,-2078.7284340321444
433,ID534,A,2759.7340846125035,381.1788148926083,5499.134261843118
434,ID535,C,2424.401218140044,407.3563387519426,-2079.706123505472
435,ID536,B,2751.1619107101537,397.6125381253291,5001.937807040218
436,ID537,C,2859.448206826541,407.5333066055923,-2133.755535809913
437,ID538,A,2470.6994711276593,395.797176133354,5507.887121654795
438,ID539,C,2394.8059350631574,425.47163507349666,-2107.407631115746
439,ID540,A,2635.8623699773834,410.80240348366226,5496.932832523189
440,ID541,B,2123.9711131993354,397.0240563796117,5009.239713043605
441,ID542,A,3032.5975368917243,394.5580243711536,5504.157114564003
442,ID543,C,2852.190179280866,401.02021147729357,-2089.87505796431
443,ID544,C,3165.712083458811,411.23382669058327,-2108.701641498575
444,ID545,C,2787.892917270162,385.3611314879707,-2098.1177864942147
445,ID546,B,2301.3567651016974,408.7020320285797,4978.181568366602
446,ID547,C,1982.0572711432287,403.5299718582134,-2098.0489813230643
447,ID548,C,2532.3765437726397,400.1636693542648,-2097.0376130385002
448,ID549,B,2907.0560731052665,402.15053059995705,4980.669143305338
449,ID550,A,2867.5483194671283,420.2634906604354,5512.883920503402
450,ID551,B,1948.1235544524905,385.5695108018272,4997.8223671379865
451,ID552,B,1951.0333824090692,397.63716973239485,4992.774195927197
452,ID553,C,2649.507427778341,400.5957408003295,-2110.40076932258
453,ID554,C,2181.1883094628724,412.28814706677593,-2093.3347831852466
454,ID555,A,2238.396580859302,390.32300257202866,5517.229977659499
455,ID556,C,2856.437377184458,387.55744685701944,-2099.965844168246
456,ID557,A,2511.8918468814413,388.37392734133107,5517.789444911998
457,ID558,A,2295.9802822831502,388.7756722720839,5488.654871136245
458,ID559,A,2670.8554305443795,406.2942448990595,5498.9923491040445
459,ID560,C,2370.6614410628513,395.44525188228204,-2098.4328130756667
460,ID561,C,2875.737707638703,380.4598743949502,-2096.3979153878727
461,ID562,A,2905.474983029916,393.5719679073605,5477.103418491529
462,ID563,A,2310.2587278849173,386.0875630682178,5491.691093916409
463,ID564,A,2473.738705624401,396.6370812925719,5514.104529389744
464,ID565,B,2078.790290299729,417.67229726448846,4996.644155946634
465,ID566,C,2567.156658658998,412.15604917665837,-2120.1067713514176
466,ID567,B,2635.7896471664994,397.65083634040826,5000.131499477612
467,ID568,C,2716.748615587087,397.2275473085869,-2099.155882497491
468,ID569,A,2492.0897706794467,386.422497607533,5481.649681716309
469,ID570,B,2730.5989140599336,395.0955671511128,5021.422734777753
470,ID571,B,2436.016929276993,386.81112971450216,4989.897158325061
471,ID572,B,2182.1172512779076,404.44586703595155,4993.72948516691
472,ID573,B,2456.8417498933795,399.12618803410686,4984.833414566641
473,ID574,B,2838.6338968587315,394.03143293589665,4996.940109823309
474,ID575,C,2383.273064069011,403.0539175119874,-2113.377336997306
475,ID576,C,2273.453488529821,388.0150224897798,-2105.019907665219
476,ID577,A,3075.1431380202966,426.3871714412157,5519.753206979896
477,ID578,B,2413.0571514183116,404.8246991361006,5004.278604591263
478,ID579,A,2084.014769709436,400.79407959179537,5507.286254956283
479,ID580,C,2783.434335507823,395.1571515124629,-2119.663780861306
480,ID581,C,2236.2455380764018,400.7572658760542,-2100.7929786283794
481,ID582,B,2391.588367928354,407.1021047794091,4997.236175299011
482,ID583,B,3234.1660729022897,370.47350142071843,5027.525313627488
483,ID584,C,2600.9689811881894,392.3313645066495,-2109.460073006554
484,ID585,A,2631.2189194552284,409.4078697565396,5498.300828087452
485,ID586,A,2285.3721778860872,404.0624647174096,5496.184059195436
486,ID587,B,2842.8149849007677,384.9885107576392,5004.741093215972
487,ID588,A,2669.0446293978957,388.1250210011941,5504.6734390192105
488,ID589,B,2942.2282349829925,380.4895526003493,5005.173743994268
489,ID590,B,2722.3529956383886,394.00789615099865,5020.543117852083
490,ID591,A,3135.798565741743,395.31638071940637,5514.266877481298
491,ID592,A,2656.572933038692,416.39838136710677,5490.728316280962
492,ID593,A,2419.7712132929314,406.2197374289745,5500.495127050767
493,ID594,C,1897.053961560541,400.9610785076189,-2090.136591076419
494,ID595,C,2480.9909578354727,408.6346778615972,-2078.3690028477904
495,ID596,A,2378.9966548007815,387.7294416913688,5490.878182884985
496,ID597,C,2443.1973775178612,392.60283601547104,-2085.0546062971375
497,ID598,A,2628.856865401348,425.6112795864488,5498.401032880495
498,ID599,C,2793.6668138017135,393.3975555594071,-2098.4395771858008
499,ID600,A,2978.2936240669524,391.6171452384813,5475.268911800462
500,ID601,A,2348.3553618254846,402.24601340799177,5484.835839969785
501,ID602,A,2365.9155284898666,399.16384340749073,5480.326055626237
502,ID603,B,2604.1406725463066,410.656494301784,5002.966566000985
503,ID604,A,1941.2492876408191,426.1349267051089,5517.987966270094
504,ID605,C,2437.2928556554098,409.8274401222668,-2092.535178019737
505,ID606,C,1863.9734411393388,367.5265364920476,-2103.426620086222
506,ID607,A,2584.8209058969865,401.6115454789792,5515.149153315709
507,ID608,C,2603.840003496955,405.11926867655666,-2104.6707632585053
508,ID609,C,2105.880921012348,417.94791042015623,-2097.4504249467723
509,ID610,B,2557.7084963968223,376.30481754272085,4964.890145779731
510,ID611,A,2795.546341853763,421.8753984529142,5501.113303513779
511,ID612,A,2709.573744320548,419.31801090154767,5484.342755630613
512,ID613,A,2878.910924018241,390.7239258109267,5519.581901866664
513,ID614,A,2430.4638825099937,393.4184690748209,5510.980606204008
514,ID615,A,2704.0116110244408,406.40527694339676,5480.035580307679
515,ID616,A,2448.209111405417,413.6441494819731,5493.082333512513
516,ID617,C,2495.755132983348,396.7209676996748,-2103.5690351887006
517,ID618,B,2303.6746880380438,391.3283218347246,4980.435790597763
518,ID619,B,2506.9307679279004,393.9975987058195,4999.963573726
519,ID620,B,2933.8797396121026,414.29550875235293,5007.369617601964
520,ID621,A,2482.93768217727,391.6106442386904,5517.0609387826535
521,ID622,A,2899.003866155212,381.06788136320216,5497.652125229353
522,ID623,C,2637.6251857905004,401.2487084875825,-2108.4230289768393
523,ID624,C,2690.7617714711646,376.12540002150104,-2118.8572962086982
524,ID625,C,2193.758537933891,418.38752078839997,-2105.5872647936326
525,ID626,C,2440.8598304999027,402.8853616983895,-2108.5030155553804
526,ID627,C,2252.7024959781447,392.14890847070234,-2108.0389590852933
527,ID628,C,2485.106833740515,374.87660908682017,-2095.2153280840434
528,ID629,C,2376.356708857198,400.0775197478492,-2085.6278235741006
529,ID630,C,2814.0419856382405,407.143582180751,-2100.3314232262146
530,ID631,A,2600.234377660071,401.8329743551469,5508.631043191798
531,ID632,C,2620.21684267904,397.68306149366947,-2093.2791941377213
532,ID633,B,2821.2781980461104,395.94398684503307,5003.392625016067
533,ID634,C,2603.2997659641915,421.31070502642416,-2100.471672553029
534,ID635,B,2458.7662140921548,386.87353733955166,5011.706822325486
535,ID636,C,2533.0300085746458,397.9113159943061,-2103.954431318564
536,ID637,C,2785.3731495694046,395.58565541521784,-2089.9673203466787
537,ID638,B,2433.8857596521934,409.43534275113586,4997.894938230423
538,ID639,A,2489.8899913827318,390.03029602948413,5495.7955219407595
539,ID640,A,2678.7317442384756,385.83444257865176,5506.878548290948
540,ID641,B,2721.007567081583,416.84328234957763,4995.963712681146
541,ID642,B,2347.906793012636,411.6247307464434,5007.983456010468
542,ID643,C,2212.603455702073,380.69380934625457,-2105.9260413523334
543,ID644,B,2453.5023461781134,392.6531200601873,5009.379663513484
544,ID645,B,1951.4146649283925,371.0530044045697,4990.597395296813
545,ID646,C,2724.020771643001,385.0400615102938,-2100.3386913404615
546,ID647,B,2582.4093108892043,397.01995694052977,4994.074455900942
547,ID648,B,2261.2919191351675,407.42127360809394,5019.019545964311
548,ID649,C,2761.2233261722595,410.5392869795549,-2102.6596400328735
549,ID650,C,3013.9287767065325,380.8096884372062,-2084.234620450285
550,ID651,B,2626.85616509251,383.3925531295266,4994.126595374537
551,ID652,C,2473.6719209334324,386.43051345347635,-2099.788110966024
552,ID653,B,2507.1967116339497,417.4789329148129,5009.8448425266815
553,ID654,A,2069.278955951901,413.96567908450095,5507.8962010624155
554,ID655,A,2737.9317707993573,397.94227848290296,5493.506826797921
555,ID656,B,2337.960096382413,373.41391818851196,5008.794595330656
556,ID657,A,2240.0952440470915,399.56746567755386,5499.844159446156
557,ID658,B,1956.1770397673083,391.4214429676135,5012.375932613468
558,ID659,B,2286.4003645594917,408.48764918268046,5014.456444014202
559,ID660,C,2618.3247439209113,423.4661784014865,-2089.239728525823
560,ID661,C,2285.489689942234,412.2900597778346,-2115.4410892051533
561,ID662,C,2752.729691110163,407.52509089651545,-2091.088222496911
562,ID663,A,2037.1961793874602,398.3529972614538,5505.885308108311
563,ID664,A,2498.662606071578,390.9498677654152,5502.802682398164
564,ID665,C,2502.3985049257008,398.6678597433611,-2105.884632870062
565,ID666,A,2418.905509892583,382.8578175930415,5516.206122135846
566,ID667,C,2116.847451874685,415.2049940567056,-2101.250078295423
567,ID668,B,2369.654370313473,392.0008369907309,4981.204311038998
568,ID669,C,2199.1001497904476,405.086681409467,-2091.8795519201913
569,ID670,A,2460.832796769076,419.66599058523684,5492.243610615996
570,ID671,B,2656.957807194056,407.2399284999001,4975.795710621685
571,ID672,A,2201.599696084634,404.46501193460097,5501.922426962177
572,ID673,A,2176.7196108939606,401.4770704315492,5502.132502679766
573,ID674,C,2737.801742954547,418.75619157819705,-2105.422752875899
574,ID675,B,2822.4146169361343,427.39497032390733,5004.961708963679
575,ID676,C,2335.572815380976,402.3759471892885,-2086.9384327248567
576,ID677,A,2567.860533807734,416.18252284940894,5483.625773786561
577,ID678,C,2908.116259783573,361.52685491521066,-2108.0698989330144
578,ID679,A,3015.447015556002,416.96970393868736,5515.79521572039
579,ID680,B,2301.8553045250114,397.93670679406574,5003.205416205324
580,ID681,A,2440.3096664191753,395.85941742859836,5489.663193141716
581,ID682,A,2453.9605405414013,417.3283416150528,5477.886644368976
582,ID683,A,3344.3484771679837,400.77204151771156,5477.193544632272
583,ID684,A,2324.8145979023566,410.1885616410289,5494.3145729750195
584,ID685,C,2377.223687836716,407.0966302840723,-2095.713957793943
585,ID686,C,2286.0009586677243,398.58874231143244,-2115.8118556141158
586,ID687,A,2292.5670145407485,414.4240641209689,5490.395032332146
587,ID688,C,2548.3109562075715,384.003551431423,-2118.1559814653187
588,ID689,C,2899.77138639134,412.3607802340306,-2100.252005905982
589,ID690,B,2239.296715013112,404.17620266811923,5010.099056399651
590,ID691,B,2461.6810299380713,401.534760122951,4981.23120053852
591,ID692,C,2268.7923732924723,388.79299025351065,-2118.4736838087297
592,ID693,A,2121.223066594474,395.0301502452999,5495.544736457026
593,ID694,A,1955.358524510144,402.0879387301818,5486.47040722823
594,ID695,B,2958.2385908682754,383.83576970287737,5000.244299632807
595,ID696,C,2882.155403025263,371.6117719018077,-2112.3765371331997
596,ID697,C,2747.698613067011,391.29725402325965,-2074.5487551411375
597,ID698,C,2411.316057124883,390.53649256865276,-2075.405870995474
598,ID699,B,2450.000362846837,435.6164962930974,5004.474416140156
599,ID700,B,2472.941594677926,420.8652477459189,5012.724640870814
600,ID701,C,2369.047684474186,420.3708638549131,-2102.1195798994636
601,ID702,A,2290.9600787176614,434.28326895067767,5502.360159870923
602,ID703,C,2034.6619402758226,383.69420394763563,-2112.2862509901797
603,ID704,B,2633.902626953651,423.1229084211345,4992.647916813277
604,ID705,C,2084.20668582934,391.58027341263374,-2085.9054538599607
605,ID706,B,2732.371687210766,415.45873537597794,5002.950476287902
606,ID707,B,2433.5370662157497,393.04691357263215,5004.177373695739
607,ID708,B,2348.279664865466,399.6984173193674,4989.708305432146
608,ID709,C,2304.971345244718,423.57431654810097,-2094.401277383174
609,ID710,A,2575.3929753971943,392.5128548548375,5499.241366895305
610,ID711,A,2686.767576573555,392.4839697259042,5504.327283879972
611,ID712,B,3323.1057765475225,384.5847869252923,4994.9210217121345
612,ID713,C,2313.9591320363397,406.7689057119484,-2096.25442395543
613,ID714,A,2006.880456574894,414.0483781170157,5495.8451330989365
614,ID715,C,3398.650378927761,436.5784163111071,-2086.289469136232
615,ID716,C,2543.867943965507,406.050094905827,-2101.1172797594327
616,ID717,B,2969.4510423492634,418.62117895088403,4997.922060385303
617,ID718,B,2264.7121925859615,416.03998015659533,5025.661590609044
618,ID719,B,2615.8320211149967,402.5612371691776,4989.0845133107105
619,ID720,C,2730.4915370424574,391.81005110303806,-2094.494374003092
620,ID721,C,2924.652607372289,405.96175223720905,-2094.6423463536385
621,ID722,B,2132.6695776454962,381.9232762468177,4994.156801828058
622,ID723,C,2959.690067711614,396.4252321122152,-2096.2605359301688
623,ID724,C,2420.175464601076,403.9058057916693,-2111.1861741482385
624,ID725,B,2554.182060809185,392.60445073921295,5000.528970615942
625,ID726,C,2747.8176588302686,414.6973007820186,-2125.3079644327363
626,ID727,A,2369.1247964985955,415.2875949145172,5530.346161225089
627,ID728,A,2496.992698965198,404.58567890719826,5509.488152628122
628,ID729,A,2843.566127552846,409.8255994576841,5504.950086961354
629,ID730,B,2067.9477426470517,391.5546500645113,4995.416645028349
630,ID731,A,2827.081358544259,387.0998174734449,5496.833965977167
631,ID732,C,2942.4341441939528,421.5625440212042,-2092.4795130587563
632,ID733,A,2137.495674614238,402.77324881555904,5484.822696990712
633,ID734,A,2461.4698389166747,404.94373166874345,5497.7715283723965
634,ID735,B,2500.5271940770144,394.9665343190814,5021.352163010062
635,ID736,C,2309.5751940520718,398.0387001279303,-2102.1398467362596
636,ID737,A,2878.3851786299465,418.0081251927494,5501.299066124595
637,ID738,C,2789.5505722445964,401.22487560032835,-2107.408581456198
638,ID739,A,2709.1156372045225,402.47537083650855,5499.889227794698
639,ID740,C,3032.4576703618472,414.01721810872476,-2100.2709603401563
640,ID741,A,2126.353650275783,419.0383675814625,5505.547110163887
641,ID742,B,2659.7323116970315,419.32958693567093,5006.357195843589
642,ID743,A,2342.4991581077807,405.5953950201481,5489.992149801162
643,ID744,A,2405.2152878562742,408.98363172984,5485.108564611179
644,ID745,B,2590.9515047656278,385.5389878180799,5015.696515151804
645,ID746,C,3044.914250704732,414.40607097519097,-2081.979318861785
646,ID747,C,2381.5201172704387,380.38655649949004,-2123.163456415872
647,ID748,C,2918.9225323946057,393.94590913369257,-2114.423731059681
648,ID749,B,2401.3690496619083,391.70313129433333,5009.615881052429
649,ID750,A,2568.143377474201,407.6982910952823,5489.443197548371
650,ID751,A,2511.128497479482,407.11363668604486,5502.308919654304
651,ID752,C,2984.9144790759756,382.6686596361819,-2085.501935380886
652,ID753,C,2671.8551338619836,382.6121115580209,-2084.147114686336
653,ID754,B,2422.4361479132567,428.999155071508,4991.3250739904925
654,ID755,B,2949.1307067738285,407.2147288629854,5008.80420723224
655,ID756,A,2371.494582367455,383.25504079408375,5498.509358279216
656,ID757,A,2913.104294776094,410.88033308563877,5488.88929099547
657,ID758,A,2721.6624394622017,393.68671653357393,5457.780134024846
658,ID759,B,2332.510905225513,387.5419677310783,5011.201331113315
659,ID760,A,2750.2211472664594,434.3497646918379,5518.165885053131
660,ID761,B,2482.2711173346356,419.7226477956197,5005.925449184706
661,ID762,A,2623.532175682898,404.7005064660366,5523.380428923768
662,ID763,C,2419.401867179983,413.91397818185146,-2115.076686052744
663,ID764,B,2389.7090933690583,396.43588757300216,4993.643253246751
664,ID765,C,2341.5730071564712,413.30237343394253,-2094.8650842837305
665,ID766,C,2110.7498170238164,382.18793729347755,-2091.3204554122713
666,ID767,A,2447.458652061709,385.6327943033053,5509.707391838208
667,ID768,B,2607.892526632311,395.21733556942206,5014.303377435692
668,ID769,B,2480.409912648133,403.30552346877613,5013.781940471466
669,ID770,C,1949.077093717582,393.1510699977177,-2077.912667756439
670,ID771,C,2545.161081893997,418.79630285415953,-2107.228619779834
671,ID772,A,2298.250720650716,400.1227727654722,5508.353267960945
672,ID773,B,2736.719351197168,394.51458508982284,4990.138720152558
673,ID774,C,2631.0652738123526,401.8362076408516,-2092.094707214414
674,ID775,A,2126.7140522637865,416.5943990409501,5499.3498182685
675,ID776,B,2407.8241245765,427.6136442263148,5021.861249711966
676,ID777,C,2448.220296874538,398.98602317480464,-2102.976873544278
677,ID778,B,3066.2039681680612,410.7953231830193,4999.77331541284
678,ID779,A,2771.91216342052,423.0117881882291,5522.967913525295
679,ID780,A,2425.666746876548,408.34446088032576,5517.549096532615
680,ID781,B,1914.9454204544961,391.6096199641185,5001.3594741417255
681,ID782,B,2315.9312202965066,361.7543738407997,4998.08668581216
682,ID783,B,2057.006428641825,391.93287907500746,5002.904357489009
683,ID784,B,2627.1358218817104,404.72301567246257,5003.64879413618
684,ID785,B,2591.1950250840223,395.48517253495584,5025.1025302488015
685,ID786,A,3000.421833093923,425.7559729790602,5492.331081049982
686,ID787,C,2700.1573713274715,405.3272290513881,-2091.8911586597483
687,ID788,B,2952.9158924705253,411.59413188927635,4997.918730979411
688,ID789,C,2581.646180260244,417.3428390942967,-2110.726549490315
689,ID790,A,2555.8540647649615,428.91138225521036,5488.975010868164
690,ID791,B,2636.537058945466,399.88981223604304,4998.645743174271
691,ID792,B,2093.920501195858,399.9086111864698,4993.362033520808
692,ID793,C,2707.350785029353,393.7833625259229,-2105.3681415157457
693,ID794,B,2430.761632418417,410.3469732369752,5007.9010803020265
694,ID795,B,1936.5395448540514,398.5590155615439,4990.009065114818
695,ID796,C,2500.1004130825304,393.28261441334104,-2106.6399260213266
696,ID797,C,2425.9409476399787,383.9328217056972,-2121.5110212859854
697,ID798,A,2726.953744687161,398.3649862599437,5505.122312628945
698,ID799,C,2177.893359482706,402.4694558671861,-2090.147252285848
699,ID800,C,2416.170550789402,403.5406109985667,-2119.5834431729354
700,ID801,A,2599.002109492742,423.2971938998397,5500.116133729446
701,ID802,C,2730.857673758208,391.78231108222616,-2090.689782852306
702,ID803,A,2600.29903878786,401.0992383945971,5505.72809429492
703,ID804,B,2122.525516780387,364.37046754661446,5001.259250816146
704,ID805,B,2713.548356093636,398.71738892251454,4997.222688484844
705,ID806,A,2476.5234761965453,396.93594257979527,5505.479669223531
706,ID807,B,2028.6891440133727,400.6286227350807,5001.998478204202
707,ID808,C,1900.5846429295116,396.9555542315913,-2093.874910432573
708,ID809,A,2742.251026313012,412.6842154413904,5502.913092300305
709,ID810,A,2440.2906796364273,386.88417914284236,5481.1652079188525
710,ID811,A,2530.5444724028644,393.34867917036166,5513.781388011902
711,ID812,A,2229.8341802957248,377.07864048189526,5494.937284703095
712,ID813,B,3150.5111032496816,418.1400945232212,5014.330959230059
713,ID814,A,2193.5061027000975,397.82815710738504,5509.380630562811
714,ID815,A,3065.4294275190864,403.7472965042213,5499.44995862096
715,ID816,B,2626.2973264938887,411.12166448022793,4989.7923126097485
716,ID817,A,2312.7831293277864,402.2715203532581,5483.9528573182415
717,ID818,B,2891.294632835582,383.209458361885,5009.815007932336
718,ID819,B,2755.1909527522457,398.1249686487604,5004.159542760623
719,ID820,C,1900.2504209990755,401.392134450926,-2112.4749941302784
720,ID821,C,2492.0393828299307,361.53922454123233,-2097.5849975715964
721,ID822,A,2622.721611319122,424.59930432594854,5489.823420418548
722,ID823,C,2612.3872498085316,391.9520997915728,-2107.740036883797
723,ID824,B,2122.349203354367,409.50838199591567,4993.991131530849
724,ID825,A,2369.5141309544465,388.096185868015,5503.286908838459
725,ID826,B,2935.7134649307227,402.68457710789187,5007.410399053623
726,ID827,B,2492.599574364992,403.0417256712446,5012.170458723446
727,ID828,A,2843.3271174412057,406.4530389501748,5498.865883439198
728,ID829,C,2070.432867708318,417.810535866014,-2083.3071613887078
729,ID830,C,2473.410725406812,395.30144906035565,-2088.0423249319692
730,ID831,B,2236.972587979927,408.0530170997388,4989.553412859954
731,ID832,B,2600.22113119303,400.2067918686874,4994.044639815063
732,ID833,A,2299.014916604955,385.8398086443713,5488.3952302669695
733,ID834,A,2820.186522390143,405.06443117447395,5517.815925821358
734,ID835,B,2276.4304836729434,408.5126372045024,5008.338250381599
735,ID836,C,2345.547091243695,397.92833073704975,-2091.5706678334013
736,ID837,C,2439.5404723338374,391.89597598971477,-2097.331930084211
737,ID838,B,2397.153548325415,395.80491949369645,4999.47597724199
738,ID839,B,2912.287448847654,409.8537335648886,5001.844315476014
739,ID840,A,2100.160971787428,431.04773289022694,5512.793747919809
740,ID841,B,2224.11116555484,405.020035046141,4990.488442001765
741,ID842,C,2130.824035369247,409.8109214282614,-2106.4433952716236
742,ID843,B,1972.0973377876935,397.3849638757189,5005.751500472282
743,ID844,A,2485.866659834368,422.58698148823584,5487.336305255033
744,ID845,C,3383.896473013867,379.90704079378776,-2099.3337048327726
745,ID846,C,2212.4527669069194,384.9807068166984,-2101.8342524561335
746,ID847,A,2258.1791562947396,425.7567447119672,5486.664233618286
747,ID848,C,2349.541764357903,404.71315221570785,-2101.4766717519296
748,ID849,C,2679.180740575609,395.7408617543898,-2119.846141038796
749,ID850,C,2175.78130860839,399.96544852553353,-2094.0029449380677
750,ID851,B,2551.587211220804,418.5798496544089,4994.009827502448
751,ID852,A,2555.903648311458,405.3690299087069,5496.602991074062
752,ID853,B,2523.976775501517,388.86176845657394,5012.085185843951
753,ID854,A,1830.7307101015099,409.05132790259705,5512.394985372668
754,ID855,C,2821.002934245879,400.6151160189013,-2103.4189490265885
755,ID856,B,2411.9217962313737,366.67745015004954,5002.92988654667
756,ID857,A,2063.438506385174,432.5818416324975,5509.711486440787
757,ID858,A,2981.3603275198157,415.26918582726955,5476.1634189540455
758,ID859,A,2628.0561762466964,415.2591952262125,5498.813666645668
759,ID860,A,1998.7056326952527,397.28880173768886,5510.886850224443
760,ID861,C,2167.083327258831,413.8420758058159,-2075.257519180195
761,ID862,C,2833.4117911930684,395.14924888511007,-2116.0929056094396
762,ID863,C,2468.5858018014683,401.9233552411614,-2108.9003356201733
763,ID864,A,2472.724680354936,381.9214627932138,5495.106021654536
764,ID865,C,2515.2269802583724,378.589679692604,-2064.9133460161215
765,ID866,A,2586.350288572792,404.82014952200444,5485.202513247861
766,ID867,B,2418.274569045292,404.6910468012677,5020.615188742663
767,ID868,A,2316.101277816731,379.7447772235232,5503.33867865326
768,ID869,A,2604.506321206708,401.89347865995126,5493.808616732164
769,ID870,C,2193.8380511623773,399.12170206349333,-2099.821956271164
770,ID871,B,2543.102629659043,434.33808974855316,4979.649845151032
771,ID872,C,2620.4605742707918,385.179560892652,-2105.8658588702865
772,ID873,B,1851.0060347810468,378.7656241172742,4999.000612787575
773,ID874,C,2500.92385030502,420.07688469795784,-2096.280230522603
774,ID875,B,3191.622929220021,398.5267036286043,4998.297740311551
775,ID876,C,2520.2488774239227,418.9937676556429,-2102.477547116301
776,ID877,B,2713.8982737469096,384.925612645768,5011.1093094488915
777,ID878,B,2447.9041986604,397.68071455522556,5003.888934383073
778,ID879,B,2532.2600529792912,416.86374861451645,5009.607097889139
779,ID880,B,2861.24505073212,433.15684805318443,5001.268152455947
780,ID881,C,2267.104207239455,395.36350797058617,-2096.1471964193242
781,ID882,C,2682.5281147133837,387.95429871018825,-2072.289753855439
782,ID883,C,2106.705033808076,402.6035486308078,-2083.7929954497754
783,ID884,B,2369.194191615869,413.5246815624312,5002.397355317689
784,ID885,C,2358.312533502967,393.17176987111964,-2096.0279968195373
785,ID886,A,2440.309450079897,419.64313899303,5501.80583503948
786,ID887,A,2587.637726765359,411.73415589898053,5535.394760491072
787,ID888,A,2472.371053101523,425.718816703923,5489.84046808455
788,ID889,C,2120.5925024011435,394.72115070158577,-2099.1363404308827
789,ID890,C,2140.31344545132,430.0140800990684,-2105.5825321494026
790,ID891,A,2749.959678220107,417.35327967680865,5499.963142907788
791,ID892,A,2593.7146303154373,412.9282014166054,5491.300656791218
792,ID893,A,2366.722985154657,427.1582023975532,5478.50194403548
793,ID894,C,3003.9556281635046,386.8476455056502,-2091.620749484519
794,ID895,A,2275.0881370351376,383.72927848713334,5500.033652987853
795,ID896,C,2426.6273259722807,385.6089647472486,-2087.5115398704356
796,ID897,A,2936.39134852286,429.03819050909203,5503.612305291167
797,ID898,B,2358.7144623727513,402.77418927489464,5014.6147493423705
798,ID899,B,2650.9142924868825,378.2287093429392,5019.014494352523
799,ID900,A,2139.561066118128,395.23391169687864,5506.076950991947
